"","coef","exp(coef)","se(coef)","z","Pr(>|z|)"
"grade",0.30394388035726,1.35519300100854,0.114017570386723,2.66576352509835,0.00768137031714318
