"","coef","exp(coef)","se(coef)","z","Pr(>|z|)"
"grade",0.235684909475038,1.26577541348638,0.10307367157671,2.28656751884148,0.0222210789356249
