"","coef","exp(coef)","se(coef)","z","Pr(>|z|)"
"grade",0.518180063352076,1.67896924982754,0.0634619385219585,8.16521013099498,3.20876163571967e-16
