"","coef","exp(coef)","se(coef)","z","Pr(>|z|)"
"grade",0.505996771887106,1.65863798047101,0.06944638409256,7.28615000620766,3.18937853553598e-13
